{"Loss/value_function": 15.023837757110595, "_timestamp": 1713219464.9857173, "_runtime": 20.25718927383423, "_step": 389, "Loss/surrogate": -0.00023372173600364477, "Loss/learning_rate": 0.0012974633789062506, "Policy/mean_noise_std": 1.2216649055480957, "Perf/total_fps": 22195, "Perf/collection time": 1.0221149921417236, "Perf/learning_time": 0.0851287841796875, "Curriculum/lin_vel_x_range_max": -0.5, "Curriculum/lin_vel_x_range_min": 0.5, "Episode/rew_action_rate": -0.065931037068367, "Episode/rew_action_rate_derivative": -0.09898080676794052, "Episode/rew_ang_vel_xy": -0.032667774707078934, "Episode/rew_base_collision": -2.2679858207702637, "Episode/rew_collision": -0.2513890564441681, "Episode/rew_dof_acc": -0.11827400326728821, "Episode/rew_dof_pos_limits": -0.024181222543120384, "Episode/rew_feet_collision": 0.0003236740012653172, "Episode/rew_lin_vel_z": -0.15035118162631989, "Episode/rew_torques": -2.730164851527661e-05, "Episode/rew_tracking_ang_vel": 0.4821282625198364, "Episode/rew_tracking_lin_vel": 0.3398960530757904, "Episode/terrain_level": 1.5128173828125, "Train/mean_reward": -60.858803496956824, "Train/mean_episode_length": 302.42, "Train/mean_reward/time": -60.858803496956824, "Train/mean_episode_length/time": 302.42, "_wandb": {"runtime": 20}}