{"Loss/value_function": 7.900040602684021, "_timestamp": 1713211296.6649885, "_runtime": 8.503856420516968, "_step": 155, "Loss/surrogate": -0.001990703916817438, "Loss/learning_rate": 0.00038443359375000017, "Policy/mean_noise_std": 1.0445010662078857, "Perf/total_fps": 23693, "Perf/collection time": 0.9434905052185059, "Perf/learning_time": 0.09376907348632812, "Curriculum/lin_vel_x_range_max": -0.5, "Curriculum/lin_vel_x_range_min": 0.5, "Episode/rew_action_rate": -0.0216524600982666, "Episode/rew_action_rate_derivative": -0.032322149723768234, "Episode/rew_ang_vel_xy": -0.026067238301038742, "Episode/rew_base_collision": -0.1949826329946518, "Episode/rew_collision": -0.033064231276512146, "Episode/rew_dof_acc": -0.04953720420598984, "Episode/rew_dof_pos_limits": -0.007754485122859478, "Episode/rew_feet_collision": 0.00013247568858787417, "Episode/rew_lin_vel_z": -0.08549024909734726, "Episode/rew_torques": -1.0220373042102437e-05, "Episode/rew_tracking_ang_vel": 0.12481273710727692, "Episode/rew_tracking_lin_vel": 0.18381409347057343, "Episode/terrain_level": 1.6418864727020264, "Train/mean_reward": -2.426039894223213, "Train/mean_episode_length": 105.79, "Train/mean_reward/time": -2.426039894223213, "Train/mean_episode_length/time": 105.79, "_wandb": {"runtime": 8}}