{"Loss/value_function": 3.4589444160461427, "_timestamp": 1713219602.146674, "_runtime": 79.11161088943481, "_step": 1637, "Loss/surrogate": 0.011365781957283615, "Loss/learning_rate": 1e-05, "Policy/mean_noise_std": 1.4392049312591553, "Perf/total_fps": 15629, "Perf/collection time": 1.484649419784546, "Perf/learning_time": 0.08779287338256836, "Curriculum/lin_vel_x_range_max": -0.5, "Curriculum/lin_vel_x_range_min": 0.5, "Episode/rew_action_rate": -0.32801729440689087, "Episode/rew_action_rate_derivative": -0.4951389729976654, "Episode/rew_ang_vel_xy": -0.044667597860097885, "Episode/rew_base_collision": -15.309907913208008, "Episode/rew_collision": -2.4574942588806152, "Episode/rew_dof_acc": -0.25580906867980957, "Episode/rew_dof_pos_limits": -0.05793294310569763, "Episode/rew_feet_collision": 0.00032624308369122446, "Episode/rew_lin_vel_z": -0.14576216042041779, "Episode/rew_torques": -8.417709614150226e-05, "Episode/rew_tracking_ang_vel": 1.3210639953613281, "Episode/rew_tracking_lin_vel": 1.8063663244247437, "Episode/terrain_level": 0.8511556386947632, "Train/mean_reward": -308.81019151061776, "Train/mean_episode_length": 1002.0, "Train/mean_reward/time": -308.81019151061776, "Train/mean_episode_length/time": 1002.0, "_wandb": {"runtime": 79}}