{"Loss/value_function": 9.227251338958741, "_timestamp": 1713211383.8300514, "_runtime": 43.4786913394928, "_step": 935, "Loss/surrogate": 0.009264125439221971, "Loss/learning_rate": 1.522438840347445e-05, "Policy/mean_noise_std": 1.3476989269256592, "Perf/total_fps": 23319, "Perf/collection time": 0.9612538814544678, "Perf/learning_time": 0.09261202812194824, "Curriculum/lin_vel_x_range_max": -0.5, "Curriculum/lin_vel_x_range_min": 0.5, "Episode/rew_action_rate": -0.1936771124601364, "Episode/rew_action_rate_derivative": -0.29042479395866394, "Episode/rew_ang_vel_xy": -0.034829031676054, "Episode/rew_base_collision": -18.059154510498047, "Episode/rew_collision": -1.528276801109314, "Episode/rew_dof_acc": -0.20202156901359558, "Episode/rew_dof_pos_limits": -0.03478036820888519, "Episode/rew_feet_collision": 0.0003307433216832578, "Episode/rew_lin_vel_z": -0.13196712732315063, "Episode/rew_torques": -6.444858445320278e-05, "Episode/rew_tracking_ang_vel": 0.7444676160812378, "Episode/rew_tracking_lin_vel": 1.5654182434082031, "Episode/terrain_level": 1.2012939453125, "Train/mean_reward": -314.48094297885893, "Train/mean_episode_length": 812.78, "Train/mean_reward/time": -314.48094297885893, "Train/mean_episode_length/time": 812.78, "_wandb": {"runtime": 43}}