{"Loss/value_function": 0.367869471013546, "_timestamp": 1713220684.7067819, "_runtime": 202.77129077911377, "_step": 4419, "Loss/surrogate": -0.01073032731655985, "Loss/learning_rate": 0.0005766503906250003, "Policy/mean_noise_std": 1.7751082181930542, "Perf/total_fps": 25463, "Perf/collection time": 0.8745250701904297, "Perf/learning_time": 0.0906071662902832, "Curriculum/lin_vel_x_range_max": -0.5, "Curriculum/lin_vel_x_range_min": 0.5, "Episode/rew_action_rate": -0.4419480264186859, "Episode/rew_action_rate_derivative": -0.6599220633506775, "Episode/rew_ang_vel_xy": -0.1026713103055954, "Episode/rew_base_collision": -0.07497570663690567, "Episode/rew_collision": -0.2266024649143219, "Episode/rew_dof_acc": -0.44933468103408813, "Episode/rew_dof_pos_limits": -0.13900697231292725, "Episode/rew_feet_collision": 0.001336746267043054, "Episode/rew_lin_vel_z": -0.2547510862350464, "Episode/rew_torques": -9.680642688181251e-05, "Episode/rew_tracking_ang_vel": 1.0272319316864014, "Episode/rew_tracking_lin_vel": 1.406951904296875, "Episode/terrain_level": 0.3303629755973816, "Train/mean_reward": -64.32445463404059, "Train/mean_episode_length": 1002.0, "Train/mean_reward/time": -64.32445463404059, "Train/mean_episode_length/time": 1002.0, "_wandb": {"runtime": 202}}