{"Loss/value_function": 7.620612859725952, "_timestamp": 1713211219.5436096, "_runtime": 45.54512667655945, "_step": 961, "Loss/surrogate": 0.004343878370127641, "Loss/learning_rate": 0.00011390624999999998, "Policy/mean_noise_std": 1.2476439476013184, "Perf/total_fps": 23203, "Perf/collection time": 0.9664435386657715, "Perf/learning_time": 0.09270358085632324, "Curriculum/lin_vel_x_range_max": -0.5, "Curriculum/lin_vel_x_range_min": 0.5, "Episode/rew_action_rate": -0.18764494359493256, "Episode/rew_action_rate_derivative": -0.2811635136604309, "Episode/rew_ang_vel_xy": -0.040131740272045135, "Episode/rew_base_collision": -17.047760009765625, "Episode/rew_collision": -1.4618186950683594, "Episode/rew_dof_acc": -0.21497634053230286, "Episode/rew_dof_pos_limits": -0.042836885899305344, "Episode/rew_feet_collision": 0.0003996251616626978, "Episode/rew_lin_vel_z": -0.14395472407341003, "Episode/rew_torques": -6.662216037511826e-05, "Episode/rew_tracking_ang_vel": 0.9501068592071533, "Episode/rew_tracking_lin_vel": 1.965322494506836, "Episode/terrain_level": 1.1899007558822632, "Train/mean_reward": -320.3939204967022, "Train/mean_episode_length": 835.03, "Train/mean_reward/time": -320.3939204967022, "Train/mean_episode_length/time": 835.03, "_wandb": {"runtime": 45}}