{"Loss/value_function": 831174.95625, "_timestamp": 1713219289.3671145, "_runtime": 43.564621448516846, "_step": 909, "Loss/surrogate": 0.013591991004068405, "Loss/learning_rate": 5.0625000000000024e-05, "Policy/mean_noise_std": 1.049369215965271, "Perf/total_fps": 22231, "Perf/collection time": 1.0192759037017822, "Perf/learning_time": 0.08618974685668945, "Curriculum/lin_vel_x_range_max": -0.5, "Curriculum/lin_vel_x_range_min": 0.5, "Episode/rew_action_rate": -0.14504846930503845, "Episode/rew_action_rate_derivative": -0.21744778752326965, "Episode/rew_ang_vel_xy": -0.10219518840312958, "Episode/rew_base_collision": -15.213081359863281, "Episode/rew_collision": -1.155898928642273, "Episode/rew_dof_acc": -0.18109986186027527, "Episode/rew_dof_pos_limits": -0.029334990307688713, "Episode/rew_feet_collision": 0.0002595313126221299, "Episode/rew_lin_vel_z": -777.1105346679688, "Episode/rew_torques": -5.8624540542950854e-05, "Episode/rew_tracking_ang_vel": 1.111162543296814, "Episode/rew_tracking_lin_vel": 1.3290274143218994, "Episode/terrain_level": 1.364501953125, "Train/mean_reward": -21169.991098515988, "Train/mean_episode_length": 791.06, "Train/mean_reward/time": -21169.991098515988, "Train/mean_episode_length/time": 791.06, "_wandb": {"runtime": 43}}