{"Loss/value_function": 28925.58427734375, "_timestamp": 1713219359.2052639, "_runtime": 17.948572874069214, "_step": 337, "Loss/surrogate": 0.0004805308999493718, "Loss/learning_rate": 2.2500000000000008e-05, "Policy/mean_noise_std": 1.0461678504943848, "Perf/total_fps": 15761, "Perf/collection time": 1.4723622798919678, "Perf/learning_time": 0.08688998222351074, "Curriculum/lin_vel_x_range_max": -0.5, "Curriculum/lin_vel_x_range_min": 0.5, "Episode/rew_action_rate": -0.05187084525823593, "Episode/rew_action_rate_derivative": -0.07781407237052917, "Episode/rew_ang_vel_xy": -0.03623942658305168, "Episode/rew_base_collision": -2.9165258407592773, "Episode/rew_collision": -0.25269126892089844, "Episode/rew_dof_acc": -0.06586617231369019, "Episode/rew_dof_pos_limits": -0.015582144260406494, "Episode/rew_feet_collision": 0.0001337291905656457, "Episode/rew_lin_vel_z": -74.70072174072266, "Episode/rew_torques": -2.1861313143745065e-05, "Episode/rew_tracking_ang_vel": 0.3264710307121277, "Episode/rew_tracking_lin_vel": 0.282368540763855, "Episode/terrain_level": 1.5454915761947632, "Train/mean_reward": -731.2483202895522, "Train/mean_episode_length": 260.02, "Train/mean_reward/time": -731.2483202895522, "Train/mean_episode_length/time": 260.02, "_wandb": {"runtime": 18}}