{"Loss/value_function": 10.178460836410522, "_timestamp": 1713210713.8539195, "_runtime": 12.63931941986084, "_step": 207, "Loss/surrogate": -0.003537890838924795, "Loss/learning_rate": 0.0009999999999999998, "Policy/mean_noise_std": 1.0733022689819336, "Perf/total_fps": 23182, "Perf/collection time": 0.9758286476135254, "Perf/learning_time": 0.08428430557250977, "Curriculum/lin_vel_x_range_max": -0.5, "Curriculum/lin_vel_x_range_min": 0.5, "Episode/rew_action_rate": -0.02988976053893566, "Episode/rew_action_rate_derivative": -0.04466200992465019, "Episode/rew_ang_vel_xy": -0.014136011712253094, "Episode/rew_base_collision": -0.6181768178939819, "Episode/rew_collision": -0.05878473073244095, "Episode/rew_dof_acc": -0.05822395533323288, "Episode/rew_dof_pos_limits": -0.012268459424376488, "Episode/rew_feet_collision": 0.00020685416529886425, "Episode/rew_lin_vel_z": -0.05349148437380791, "Episode/rew_torques": -1.4336401363834739e-05, "Episode/rew_tracking_ang_vel": 0.18835626542568207, "Episode/rew_tracking_lin_vel": 0.24761328101158142, "Episode/terrain_level": 1.6104329824447632, "Train/mean_reward": -7.838770064711571, "Train/mean_episode_length": 151.82, "Train/mean_reward/time": -7.838770064711571, "Train/mean_episode_length/time": 151.82, "_wandb": {"runtime": 12}}